Fecha,Localidad,Latitud,Longitud,Víctima de la agresión,Candidatura ,Cargo ,Fuerza polítca del agredido(a),Presunto agresor denunciado,Fuerza politica del agresor(a) ,Tipo de agresión,Descripción,Intervención autoridades,Fuente,URL de la fuente 
25/05/2024,Huautla de Jiménez ,1.813.108,-9.684.314,Bernardino Martínez ,Presidente municipal ,N/A,Morena,N/A,N/A,Agresión física ,"Bernardino Martínez García, candidato de Morena a la presidencia de Huautla de Jiménez fue golpeado junto a su asistente de seguridad. ",N/A,Eje Central ,https://www.ejecentral.com.mx/category/nuestro-eje/atacan-a-bernardino-martinez-candidato-de-morena-en-huautla-de-jimenez-oaxaca
25/05/2024,Santiago Huxtlahuaca,1.733.385,-9.801.067,Abraham Molina,N/A,Funcionario electoral,N/A,Manuel Alejandro Leyva,PVEM,Agresión física y amenazas,"Abraham Molina Maldonado, presidente del IEEPCO en Juxtlahuaca, Oaxaca fue agredido físicamente y amenazado cuando realizaba una inspección sobre propaganda indebida del PVEM. El agresor fue identificado como Manuel Alejandro Leyva, hijo del candidato verde a la alcaldía de ese municipio, Víctor Leyva. ",N/A,El Universal,https://oaxaca.eluniversal.com.mx/politica/agreden-al-presidente-del-consejo-municipal-electoral-en-juxtlahuaca-en-la-mixteca-de
25/05/2024,Ocuilan,1.897.817,-9.941.712,Wilfrido Pérez Segura,Presidente Municipal ,N/A,PRD,N/A,N/A,Agresión,"Wilfrido Pérez Segura, candidato del PRD a la alcaldía de Ocuilan, Edomex, denunció un ataque en su contra cuando circulaba con su equipo de campaña sobre la carretera a Santiago Tianguistenco.",Sï,Facebook/Wilfrido Pérez Segura,https://www.facebook.com/WilfridoPerezOcuilan/posts/pfbid02iaWJ6kHGPrejtDwNS33WVqkFGz7D4c8RahSoFvFPkKSNmoEJEznhXFCdkbiYMidBl
25/05/2024,Tultitlán,1.964.556,-9.916.892,Marcely Lira,Diputada local,N/A,MC,N/A,N/A,Amenazas,"Marcely Lira, candidata a diputada local en el Edomex, por MC, denunció que hombres armados la intimidaron en Tultitlán para que renunciara a la candidatura. ",N/A,Infobae,https://www.infobae.com/mexico/2024/05/26/candidata-de-mc-a-diputada-local-en-edomex-denuncia-que-fue-amenazada-por-hombres-armados/
25/05/2024,Simojovel,1.714.057,-9.271.089,Manuel Pérez Sánchez,N/A,Militante,Morena,N/A,N/A,Asesinato,"Manuel Pérez Sánchez, integrante de Morena en Simojovel, Chiapas, fue asesinado por sujetos que irrumpieron en su casa y también agredieron a su esposa. ",N/A,WRadio,https://wradio.com.mx/2024/05/25/asesinan-a-manuel-perez-sanchez-lider-de-morena-en-simojovel-chiapas/
26/05/2024,Ecatepec,1.956.711,-9.904.451,Carmen de León Martínez,Diputado federal,N/A,PRI,N/A,N/A,Amenazas,"Carmen de León Martínez, candidata del PRI a diputada federal por el Distrito 10, fue agredida con arma de fuego junto con su equipo de campaña en Ecatepec, Estado de México.",N/A,La Jornada,https://www.jornada.com.mx/noticia/2024/05/26/estados/agreden-a-candidata-a-diputada-federal-por-el-pri-en-ecatepec-1192
26/05/2024,Temantla,1.920.176,-9.887.211,César Alejandro Martínez Pacheco,,Coordinador de Prensa,Morena,N/A,N/A,Asesinato,"César Alejandro Martínez Pacheco, coordinador de prensa de Morena en Temamatla, Estado de México, fue asesinado",N/A,Milenio,https://www.milenio.com/policia/asesinan-a-alejandro-martinez-coordinador-de-campana-en-temamatla
26/05/2024,Cochoapa,1.672.099,-9.837.305,Albino Gómez Vázquez,Presidente Municipal,N/A,Morena,N/A,N/A,Secuestro,"Albino Gómez Vázquez, candidato de Morena a la alcaldía de Cochoapa, Guerrero, fue secuestrado durante un atentado que tuvo lugar en su cierre de campaña y permaneció en calidad de desaparecido por varias horas. En el ataque armado perdió la vida su coordinador, Felipe Chávez. El candidato de Morena fue localizado con vida el 27 de mayo. ",N/A,El Sur de Guerrero,https://suracapulco.mx/suspende-campana-candidato-de-cochoapa-tras-atentado/
26/05/2024,Cochoapa,1.672.099,-9.837.305,Felipe Chávez,N/A,Coordinador   ,Morena,N/A,N/A,Asesinato,"Albino Gómez Vázquez, candidato de Morena a la alcaldía de Cochoapa, Guerrero, fue secuestrado durante un atentado que tuvo lugar en su cierre de campaña y permaneció en calidad de desaparecido por varias horas. En el ataque armado perdió la vida su coordinador, Felipe Chávez. El candidato de Morena fue localizado con vida el 27 de mayo. ",N/A,El Sur de Guerrero,https://suracapulco.mx/suspende-campana-candidato-de-cochoapa-tras-atentado/
26/05/2024,Pénjamo,2.043.135,-10.172.405,Carlos Gerardo Molina Herrera,N/A,Consejero,Morena,N/A,N/A,Asesinato,"Carlos Gerardo Molina Herrera, consejero estatal de Morena en Guanajuato y padre de Yozajamby Molina, candidata a la alcaldía de Pénjamo, fue asesinado en dicha localidad. ",N/A,Aristegui Noticias,https://aristeguinoticias.com/2605/mexico/asesinan-a-padre-de-candidata-de-morena-en-penjamo-guanajuato/
27/05/2024,Santander Jiménez,2.421.906,-9.848.699, Pedro Salazar Rodríguez,Presidente municipal ,N/A,Movimiento Ciudadano (MC),N/A,N/A,Agresión armada,"Cinco personas resultaron heridas en el atentado armado contra el canidadot de MC a la alcaldía de Jiménez, Tamaulipas. ",Sí,La Jornada,https://www.jornada.com.mx/noticia/2024/05/27/estados/atacan-a-balazos-a-candidato-de-mc-en-jimenez-tamaulipas-6979
27/05/2024,Zacatecas,2.277.279,-10.257.657,Miguel Ángel Varela Pinedo,Presidente municipal ,N/A,Fuerza y corazón por Zacatecas,N/A,Morena,Amenazas ,"El 27 de mayo, Miguel Ángel Varela Pinedo, candidato ""Fuerza y corazón por Zacatecas"" a la alcaldía de Zacatecas, denunció que Germán García, expolicía municipal y actual funcionario del municipio, lo amenazó con un martillo, presuntamente enviado por su oponente de Morena, Jorge Miranda.",N/A,Facebook/Miguel Álgel Varela Pinedo,https://www.facebook.com/miguelangel.varelapinedo/posts/pfbid025VcRTVrgdow9HyXYbBn9pasv4R92MzaVF2ehSJe6P5TRRPrRPmfTZohU6snjJTf2l?locale=es_LA
27/05/2024,Coatlán del Río,1.874.381,-9.943.525,Víctor Manuel Amado de León,Presidente Municipal,N/A,Partido Encuentro Solidario (PES) ,N/A,N/A,Amenazas,"Víctor Manuel Amado de León, candidato a alcalde de Coatlán del Río, Morelos por el Partido Encuentro Solidario (PES) fue amenazado a través de un mensaje en una manta y su casa fue baleada. ",N/A,Latinus,https://latinus.us/2024/05/27/amenazan-a-candidato-del-pes-a-alcalde-en-morelos-y-atacan-su-casa-durante-la-madrugada/
27/05/2024,Hueypoxtla,1.991.093,-990.759,"Rubén Doroteo Cruz,",Presidente Municipal ,N/A,PRI,N/A,N/A,Agresión armada,"Rubén Doroteo Cruz, candidato del PRI a la alcaldía de Huypoxtla, Edomex, denunció un ataque armado en su contra que tuvo lugar cuando regresaba de una reunión en la comunidad de Francisco Zacacalco.",N/A,Infobae,https://www.infobae.com/mexico/2024/05/29/balean-en-su-casa-a-ruben-doroteo-cruz-candidato-del-pri-en-hueypoxtla-estado-de-mexico/
27/05/2024,Tecate,325.636,-11.662.567,Christian Vázquez,N/A,Asesor de candidato,Morena,N/A,N/A,Asesinato,"Christian Vázquez, asesor del candidato a la alcaldía de Tecate por Morena, Darío Benítez, fue asesinado.",N/A,Eje Central ,https://www.ejecentral.com.mx/category/nuestro-eje/asesinan-a-asesor-de-candidato-a-alcalde-de-tecate-bc
27/05/2024,Marquelia,1.658.238,-9.881.567,Arquímedes Díaz,N/A,Coordinador,Fuerza y corazón por México,N/A,N/A,Asesinato,"Arquímedes Díaz, coordinador de ""Fuerza y corazón por México"" en Marquelia, Guerrero, fue asesinado al terminar un evento. Los candidatos a presidente municipal de la coalición PRI-PAN-PRD y  Movimiento Ciudadano suspendieron sus campañas debido a la inseguridad. ",N/A,Reforma,https://www.reforma.com/matan-a-coordinador-de-pri-pan-prd-en-marquelia-guerrero/ar2813744
27/05/2024,Puebla,1.904.143,-9.820.627,N/A,N/A,N/A,N/A,N/A,N/A,Delito Electoral,Robo de 2 mil boletas electorales,Sí,El Economista,https://www.eleconomista.com.mx/politica/Roban-mas-de-2000-boletas-electorales-en-Puebla-20240529-0012.html
27/05/2024,San Cristóbal de las Casas,1.673.703,-9.263.761,N/A,N/A,N/A,N/A,N/A,N/A,Delito Electoral,"Juan ""N"", de 38 años, fue detenido en San Cristóbal de las Casas, Chiapas, al interior de una papelería donde presuntamente fotocopiaba boletas electorales. El IEPC aclaró que las boletas eran falsas. ",Sí,La Jornada,https://www.jornada.com.mx/noticia/2024/05/27/estados/detienen-a-hombre-en-posesion-de-boletas-electorales-en-chiapas-8143
27/05/2024,Xalapa,1.954.259,-9.691.373,N/A,N/A,N/A,PRD,N/A,N/A,Delito Electoral,El PRD denunció ante el consejo general del Organismo Público Local Electoral el robo de dos boletas. ,Sí,La Silla Rota,https://lasillarota.com/veracruz/estado/2024/5/28/desaparecen-boletas-en-distrito-electoral-de-xalapa-para-votaciones-en-veracruz-484835.html
27/05/2024,Coyoacán,1.934.374,-9.915.618,N/A,N/A,N/A,N/A,N/A,N/A,Delito Electoral,La Fepade llevó a cabo un cateo en una casa de la alcaldía de Coyoacán donde presuntamente se compraban votos,Sí,X/@Fepade_CDMX,https://x.com/FEPADE_CDMX/status/1795270328790454463
27/05/2024,Teolocholco,1.923.965,-9.818.576,Valentín Méndez Tecuapacho,Presidente Municipal ,N/A,PT,N/A,Morena,Agresión Armada,"Durante el cierre de campaña de Valentín Meléndez Tecuapacho, candidato a la alcaldía de Teolocholco, Tlaxcala, por el PT, se generó una balacera que inicialmente fue atribuida a sus oponentes de Morena, pero después se retractó. ",Sí,Quadratin Tlaxcala,https://tlaxcala.quadratin.com.mx/principal/balacera-en-teolocholco-no-fue-rina-entre-pt-y-morena-melendez-tecuapacho/
27/05/2024,Monterrey,2.568.661,-10.031.611,N/A,N/A,N/A,MC,Sandra Pámanes,Fuerza y corazón por México,Delito Electoral,"Movimiento Ciudadano presentó una denuncia ante la Fiscalía Especializada en Delitos Electorales (FEDE) en contra de Sandra Pámanes, candidata a diputada local por la coalición ""Fuerza y corazón por México"" por presunta compra de votos. ",Sí,ABC Noticias,https://abcnoticias.mx/local/2024/5/27/mariana-rodriguez-integrantes-de-mc-denuncian-perla-villarreal-por-presunta-compra-de-votos-217313.html
27/05/2024,Puebla,1.905.113,-98.175,José Chedraui,Presidente municipal,N/A,Sigamos haciendo historia,N/A,N/A,Agresión con explosivos,"Sujetos arrojaron explosivos caseros, conocidos como bombas molotov, contra las oficinas de José ""Pepe"" Chedraui, candidato a alcaldía de Puebla por la coalición ""Sigamos haciendo historia"".",N/A,Milenio,https://www.milenio.com/politica/elecciones/pepe-chedraui-lanzan-bombas-molotov-casa-campana-puebla
27/05/2024,Acapulco ,1.686.395,-9.988.228,Abelina López,Presidente municipal,N/A,Morena,N/A,N/A,Violencia política de género," Un grupo de mujeres conformado por regidoras, lideresas y gestoras sociales pidieron al Instituto Electoral de Participación Ciudadana (IEPC) de Guerrero denunciaron que Abelina López, candidata de Morena a la alcaldía de Acapulco, fue víctima de violencia política de género en el último debate. ",N/A,Sur Acapulco,https://suracapulco.mx/alto-a-la-violencia-politica-de-genero-contra-abelina-piden-mujeres-de-su-campana/
28/05/2024,Coapilla,1.713.063,-9.316.018,Lenin Pérez,Presidente municipal ,N/A,PRD,N/A,N/A,Agresión armada,Sujetos dispararon contra la casa del candidato,N/A,Tabasco Hoy,https://www.tabascohoy.com/balea-comando-casa-de-candidato-del-prd-a-alcalde-en-chiapas/
28/05/2024,Tehuacán,184.665,-9.740.038,Juan Sandoval,Presidente municipal ,N/A,Movimiento Ciudadano (MC),N/A,N/A,Agresión armada,Sujetos detonaron armas cerca de él ,N/A,Milenio,https://www.milenio.com/politica/elecciones/juan-sandoval-candidato-de-mc-a-edil-de-tehuacan-sufre-atentado
28/05/2024,Encarnación de Diaz,2.152.631,-10.224.026," Gilberto Palomar González ""Tito""",Presidente municipal ,N/A,Morena ,N/A,N/A,Agresión armada,Sujetos armados irrumpieron en la casa de campaña del candidato y abrieron fuego. ,N/A,El Informador ,https://www.informador.mx/jalisco/Encarnacion-de-Diaz-Gilberto-Tito-Palomar-Gonzalez-candidato-de-Morena-a-la-alcaldia-es-agredido-a-balazos-20240528-0166.html
28/05/2024,Chalco,1.926.244,-9.889.694,Eduardo Díaz,Presidente municipal ,N/A,PVEM,N/A,N/A,Agresión armada,El vehículo en el que se transportaba fue atacado a balazos. ,N/A,Heraldo,https://hgrupoeditorial.com/eduardo-diaz-candidato-del-pvem-a-la-presidencia-municipal-de-chalco-sufre-atentado/
28/05/2024,Guadalajara,2.067.517,-10.334.733,N/A,Presidente de la república y Gobernador,,N/A,N/A,N/A,Vandalismo,"Durante el cierre de campaña de Claudia Sheinbaum y Claudia Delgadillo en el Centro Cultural Cabañas, la cancelación de las presentaciones de Santa Fé Klan y Gabito Ballesteros debido a la lluvia, causaron decepción en los asistentes, quienes lanzaron sillas",N/A,Milenio,https://www.milenio.com/espectaculos/provocan-caos-cancelarse-concierto-santa-fe-klan-video
28/05/2024,Nuevo Laredo ,2.747.793,-9.954.957,Yalheel Abdala,Presidente municipal ,N/A,Morena,N/A,PAN,"Amenazas, cohecho y persecusión.","Morena denuncia ante la FGR y la Fiscalía de Tamaulipas a Yalheel Abdala, candidata del PAN a la alcaldía de Nuevo Laredo, por presuntas amenazas, cohecho, y persecución contra militantes morenistas. ",Sí,El Universal,https://www.eluniversal.com.mx/elecciones/acusa-morena-a-candidata-del-pan-por-amenazas-y-persecucion-contra-militantes-de-nuevo-laredo/
28/05/2024,Zacatecas,2.277.279,-10.257.657, Jorge Miranda.,Presidente municipal ,N/A,Morena,N/A,Fuerza y corazón por Zacatecas,Amenazas ,"El equipo de Miranda también informó que denunció a Varela Pinedo ante la Fiscalía de Zacatecas por presuntas amedrentaciones. El diario NTR informó que presuntos integrantes de la campaña de Varela acudieron a la casa de Miranda e intimidaron a los presentes, entre ellos, menores de edad y el presidente del Comité Municipal de Morena, Óscar Martínez. . ",N/A,NTR,https://ntrzacatecas.com/2024/05/denuncia-equipo-de-jorge-miranda-a-miguel-varela/
28/05/2024,Guanajuato ,2.101.901,-10.125.735, Samantha Smith,Presidente municipal ,N/A,PRI-PAN-PRD,N/A,N/A,Amenazas ,"Encapuchados dejan 4 coronas fúnebres en distintos puntos de la ciudad dedicadas a Samantha Smith, candidata del PRI-PAN-PRD a la alcaldía de Guanajuato; Daniel Barrera, candidato a regidor; Ludovico Mata, esposo de una candidata a regidora; y Héctor Corona, secretario particular del alcalde Alejandro Navarro. Cada corona llevaba la abreviatura QEPD (Que en paz descanse). ",N/A,El Informador ,https://www.informador.mx/mexico/Elecciones-Guanajuato-2024-Dejan-coronas-funebres-con-nombres-de-candidatos-20240528-0056.html
28/05/2024,Samahil ,2.088.315,-8.988.905,N/A,N/A,Militantes,N/A,N/A,"Nueva Alianza, PVEM y Morena",Riña," Un enfrentamiento entre integrantes de Nueva Alianza, PVEM y Morena en Samahil, Yucatán, dejó un saldo de al menos 6 heridos,",N/A,El Universal,https://www.eluniversal.com.mx/elecciones/violento-enfrentamiento-politico-en-samahil-yucatan-deja-al-menos-6-heridos/
28/05/2024,San Luis Río Colorado ,3.245.188,-11.477.171,"Manuel Santeliz, “Chilaquil”",Regidor ,N/A,PRI,N/A,N/A,Amenazas ,"Manlio Fabio Beltrones, candidato a senador por el PRI-PAN-PRD denunció de manera pública amenazas contra Manuel Santeliz, “Chilaquil”, candidato a regidor de su fuerza política en San Luis Río Colorado, Sonora. ",N/A,X/@MFBeltrones,https://x.com/MFBeltrones/status/1795667675894698258
28/05/2024,Tula de Allende,2.005.355,-9.933.956,Funcionarios de Sader,N/A,N/A,N/A,Noé Paredes Meza,PT y candidato independiente,Agresión física ,"Militantes del PT y simpatizantes de Noé Paredes Meza, candidato independiente a la alcaldía de Tula de Allende, Hidalgo, fueron señalados de golpear a funcionarios de la Sader a quienes presuntamente acusaron de apoyar al candidato de Morena, Christian Martínez.",N/A,Central Hidalgo Irregerente ,https://hidalgo.periodicocentral.mx/politica/militantes-del-pt-golpean-a-funcionarios-del-gobierno-de-hidalgo-en-tula-de-allende/33734/
28/05/2024,Tizimín,2.114.546,-881.496,N/A,N/A,Simpatizantes,Morena ,N/A,N/A,Agresión física y amenazas,"Simpatizantes de Adrián Quiroz Zapote, candidato de Morena a la alcaldía de Tizimín, Yucatán, fueron interceptados cuando salían de la comisaría de Popolnah, obligados a arrodillarse, golpeados y amenazados. ",N/A,Por Esto!,https://www.poresto.net/yucatan/2024/5/28/hombres-golpean-a-simpatizantes-del-candidato-de-morena-en-tizimin.html
28/05/2024,Simojovel,1.714.057,-9.271.089,N/A,N/A,Militantes,N/A,N/A,N/A,Agresión física y asesinato,"Enfrentamiento en las inmediaciones del Instituto de Elecciones y Participación Ciudadana, de Simojovel, Chiapas, deja un saldo de un muerto y cinco lesionados. ",N/A,El Sol de México,https://www.elsoldemexico.com.mx/elecciones-2024/enfrentamiento-en-iepc-de-simojovel-chiapas-deja-un-muerto-11993299.html
28/05/2024,Padilla,2.401.277,-9.878.194,Gerardo Gpe. Gallegos,N/A,Colaborador de candidato,PAN,N/A,N/A,Asesinato,"Gerardo Gpe. Gallegos, colaborador de Silvestre Mata Ruíz, candidato a la alcaldía de Padilla, Tamaulipas, por el PAN, fue asesinado. ",N/A,Excelsior,https://www.excelsior.com.mx/nacional/asesinan-colaborador-campana-panista-silvestre-mata-ruiz-tamaulipas/1654461
28/05/2024,Cuautla,188.126,-9.895.482,Ricardo Arizmendi,Alcalde suplente,N/A,PRI-PAN-PRD,N/A,N/A,Asesinato,"Ricardo Arizmendi, candidato suplente a la alcaldía de Cuautla, Morelos, por PRI-PAN-PRD- RSP fue asesinado. ",N/A,CNN,https://cnnespanol.cnn.com/2024/05/29/asesinan-a-candidato-suplente-a-presidencia-municipal-de-cuautla-morelos-orix/
28/05/2024,VIlla Corzo,1.618.538,-9.326.818,Roberto Nolasco Ruiz y José Alonso Gómez López,,Colaboradores,Morena,N/A,N/A,Asesinato,"Roberto Nolasco Ruiz y José Alonso Gómez López, integrantes del equipo de Robertony Orozco, candidato de Morena a la alcaldía de Villa Corzo, habrían sido asesinados y el candidato habría dejado el estado por seguridad. El ataque se habría realizado en la carretera que conecta a San Pedro Buenavista con Emiliano Zapata. ",N/A,Infobae,https://www.infobae.com/mexico/2024/05/29/asesinan-a-otros-dos-colaboradores-del-candidato-de-morena-en-villa-corzo-chiapas/
28/05/2024,San Pedro Cholula,1.905.686,-9.830.523,N/A,N/A,N/A,PAN,Paola Angón,MC,Delito Electoral,"El PAN denunció a la alcaldesa de San Pedro Cholula, Puebla, Paola Angón Silva, de presuntamente presionar a los trabajadores del municipio para votar por Movimiento Ciudadano. ",Sí,Milenio,https://www.milenio.com/politica/elecciones/pan-llama-paola-angon-acusaciones-delito-electoral-puebla
28/05/2024,Culiacán,2.480.906,-10.739.401,N/A,N/A,N/A,N/A,N/A,N/A,Delito Electoral,Las autoridades locales recuperaron una urna electoral que fue abandonada en Barrancos.,Sí,Noroeste,https://www.noroeste.com.mx/seguridad/encuentran-tirada-urna-electoral-en-sector-barrancos-en-culiacan-IE7512093
28/05/2024,Xochimilco,1.925.723,-9.910.296,N/A,N/A,N/A,Movimiento Ciudadano,Santiago Taboada,PAN-PRI-PRD,Delito Electoral,"Salomón Chertorivski, candidato de MC a la jefatura de Gobierno de la CDMX, denunció a su oponente de la coalición PAN-PRI-PRD, Santiago Taboada de intentar sobornar con 15 mdp a Adrián Chávez, candidato naranja a la alcaldía de Xochimilco, para que declinara a favor de su fuerza política.",N/A,Proceso,https://www.proceso.com.mx/nacional/elecciones-2024/2024/5/28/taboada-ofrecio-15-millones-al-exfutbolista-adrian-chavez-para-declinar-denuncia-chertorivski-329822.html
28/05/2024,La Paz,2.414.264,-11.031.275,N/A,N/A,N/A,PAN,Gabriela Montoya,PT,Delito Electoral,"El PAN denunció ante la PGJEBCS a Gabriela Montoya, candidata del PT a diputada por el distrito IX por presunta compra de votos. ",Sí,Zeta Tijuana,https://zetatijuana.com/2024/05/denuncian-a-candidata-del-pt-por-coaccion-de-votos/
28/05/2024,Nuevo Laredo ,2.747.793,-9.954.957,N/A,N/A,Colaborades de candidata,Morena,N/A,N/A,Secuestro,"Morena denunció que seis colaboradores de su candidata a la alcaldía de Nuevo Laredo, Carmen Lilia Canturosas Villarreal, fueron secuestrados desde el 24 de mayo. Entre las personas privadas de su libertad había trabajadores del municipio. ",N/A,Vanguardia,https://vanguardia.com.mx/noticias/secuestran-a-colaboradores-de-morena-en-nuevo-laredo-GD12112163
28/05/2024,La Pastoría,1.887.809,-9.832.575,Aristóteles Campos,Presidente municipal,Colaboradores de candidato,PRI-PAN-PRD,N/A,N/A,Agresión armada," Aristóteles Campos, candidato del PAN-PRI-PRD a la alcaldía de Ocoyucan, Puebla, y un equipo de sus colabores fueron agredidos a balazos cuando salían de la comunidad de La Pastoría. ",N/A,El Sol de Puebla,https://www.elsoldepuebla.com.mx/elecciones-2024/atentan-contra-equipo-de-aristoteles-campos-en-ocoyucan-11991456.html
29/05/2024,Matamoros,2.586.902,-9.750.273,Leticia Salazar,Presidente municipal,N/A,Fuerza y corazón por Tamaulipas,N/A,N/A,Amenazas,"Leticia Salazar, candidata de ""Fuerza y corazón por México"" a la alcaldía de Matamoros, Tamaulipas, canceló su evento de cierre de campaña por la inseguridad. ",N/A,El Norte,https://www.elnorte.com/cancela-panista-cierre-en-matamoros-por-amenazas/ar2815837
29/05/2024,Cotija,1.981.473,-10.271.499,Estrella Mendoza Méndez,Presidente municipal,N/A,Morena-PVEM-PT,N/A,N/A,Agresión armada,"Sujetos disparan armas de largo alcance en el cierre de campaña de Estrella Mendoza Méndez, candidata por Morena-PVEM-PT a la alcaldía de Cotija, Michoacán. ",N/A,Infobae,https://www.infobae.com/mexico/2024/05/29/se-desata-balacera-durante-el-cierre-de-campana-de-la-candidata-de-morena-a-la-alcaldia-de-cotija-michoacan/
29/05/2024,Tehuacán,184.665,-9.740.038,N/A,N/A,Denunciantes ,N/A,Pedro Tepole,PVEM,Agresión armada,"Se registró una balacera en Tehuacán, Puebla, De acuerdo con testigos en el inmueble donde ocurrió la agresión, presuntos colaboradores de Pedro Tepole, candidato a la alcaldía de ese municipio, por el PVEM, dispararon en contra de dos personas que intentaron grabar una supuesta compra de votos. En el lugar se recolectaron al menos 30 casquillos percutidos y se encontraron rastros de sangre. Los dos heridos fueron trasladado al hospital General de Tehuacán. ",Sí,Cambio,https://www.diariocambio.com.mx/2024/reporte-2024/elecciones-de-terror-en-tehuacan-presunta-compra-de-votos-desata-balacera-y-deja-dos-heridos/
29/05/2024,San Pedro Cholula,1.905.686,-9.830.523,N/A,N/A,N/A,N/A, Tonantzin Fernández,Morena-PT-FxM,Hackeo y propaganda ilegal ,"Paola Angón, presidenta municipal de San Pedro Cholula, Puebla, denunció la colocación de propaganda en el Palacio Municipal y el hackeo de la cuenta oficial de Facebook del gobierno local para difundir propaganda a favor de Tonantzin Fernández, candidata de Morena-PT-FxM a la alcaldía. . ",Sí,Infobae,https://www.infobae.com/mexico/2024/05/29/gobierno-de-cholula-denuncia-hackeo-de-sus-cuentas-tras-publicacion-a-favor-de-alejandro-armenta-y-sheinbaum/
29/05/2024,Ciudad Juárez,3.169.036,-10.642.454,N/A,N/A,Colaborador de candidata,Fuerza y corazón por México ,N/A,N/A,Agresión física ,"Un colaborador de Marlene Terrazas,  candidata de la coalición ""Fuerza y corazón por México"" a diputada federal por el Distrito 2, fue golpeado por sujetos armados. La candidata interpuso una denuncia ante la Fiscalía General de Chihuahua. ",Sí,NetNoticias.mx,https://netnoticias.mx/juarez/denuncia-candidata-terrazas-agresion-a-uno-de-sus-colaboradores#google_vignette
29/05/2024,Tlalnepantla ,1.953.606,-9.919.683,Emilio Manzanilla,Diputado federal ,N/A,Sigamos haciendo historia,Marco Antonio Rodríguez ,Fuerza y corazón por Edomex,Intento de homicidio y agresión física,"Emilio Manzanilla, candidato de la coalición ""Sigamos haciendo historia"", a diputado federal, presentó una denuncia por tentativa de homicidio tras ser agredido por presuntos colaboradores del candidato Marco Antonio Rodríguez Hurtado “Tony” de ""Fuerza y corazón por Edomex"", a la alcaldía de Tlalnepantla. ",Sí,Diario de México,https://www.diariodemexico.com/metropolitano/denuncian-violencia-contra-candidato-diputado
29/05/2024,Matías Romero,1.686.811,-9.504.425,Rosalinda López García,Presidente Municipal,N/A,Morena,N/A,N/A,Agresión armada ,"Sujetos abren fuego durante el cierre de campaña de Rosalinda López García, candidata de Morena a la alcaldía de Matías Romero, Oaxaca. De manera extraoficial, al menos una persona resultó herida. ",N/A,Eje Central ,https://www.ejecentral.com.mx/category/nuestro-eje/disparan-durante-mitin-de-rosalinda-lopez-candidata-de-morena-por-matias-romero-oaxaca
29/05/2024,Mineral del Chico,2.021.504,-9.873.104,Jorge Luis Pérez,N/A,Periodista,N/A,Fernando Baltazar Monzalvo,PRD,"Secuestro, agresión física y robo","l periodista Jorge Luis Pérez Cortés, director de ""Mundo Express""; fue golpeado y arrojado a un barranco, por el candidato de la coalición ""Fuerza y corazón por Hidalgo"" a la alcaldía de Mineral de Chico, Fernando Baltazar Monzalvo, quien habría sido auxiliado por un grupo de colaboradores. La agresión tuvo lugar cuando el periodista distribuía su periódico. Pérez Cortés fue retenido durante cerca de tres horas, periodo en que fue golpeado y despojado de sus equipos de trabajo y los ejemplares que llevaba consigo. ",N/A,El Universal,https://www.eluniversal.com.mx/elecciones/hidalgo-periodista-es-golpeado-y-arrojado-a-un-barranco-por-candidato-a-la-alcaldia-de-mineral-del-chico/
29/05/2024,Chichiquila,1.919.908,-9.706.754,Javier Bardomiano,Presidente Municipal ,N/A,PT y Fuerza por México,N/A,N/A,Agresión armada,"Javier Bardomiano, candidato a la alcaldía de Chichiquila, Puebla por la coalición del PT y Fuerza por México, fue víctima de un ataque armado cuando transitaba por Trincheras.",N/A,MTPNoticias,https://mtpnoticias.com/la-grilla/eleccion-2024/motociclistas-balean-a-candidato-de-fuerza-por-mexico-a-alcaldia-de-chichiquila/
29/05/2024,Xochitepec,1.879.551,-9.923.144,Freddy Méndez,N/A,Colaborador ,PT,N/A,N/A,Asesinato,"Freddy Méndez, colaborador de Rodolfo Tapia, candidato a la alcaldía de Xochitepec, Morelos, por el Partido del Trabajo (PT), fue asesinado en dicha localidad. ",N/A,Infobae,https://www.infobae.com/mexico/2024/05/29/freddy-mendez-ayudante-municipal-de-xochitepec-es-asesinado-a-balazos-cerca-de-su-domicilio/
29/05/2024,Coyuca de Benítez,1.700.977,-10.007.929,José Alfredo Cabrera Barrientos,Presidente Municipal,N/A,PAN-PRI-PRD,N/A,N/A,Asesinato,"José Alfredo Cabrera Barrientos, candidato por la coalición PAN-PRI-PRD a la alcaldía de Coyuca de Benítez, fue asesinado en un cierre de campaña.",N/A,El Sol de Acapulco,https://www.elsoldeacapulco.com.mx/elecciones-2024/asesinan-a-jose-alfredo-cabrera-candidato-a-la-alcaldia-de-coyuca-de-benitez-12001544.html
29/05/2024,Álvaro Obregón,1.936.053,-992.267,N/A,N/A,N/A,N/A,Lía Limón,PAN-PRI-PRD,Delito Electoral,"La Fepade decomisó 7 toneladas de despensas que serían utilizadas para la compra de votos para Lía Limón, candidata a la alcaldía por la coalición del PAN-PRI-PRD: ",Sí,X/@Fepade_CDMX,https://x.com/FEPADE_CDMX/status/1795921281939886251
29/05/2024,Atlixco,1.891.312,-9.842.938,Leonor Popócatl,Diputada federal,N/A,Fuerza y corazón por México,Miguel Carrillo,N/A,Violencia política de género,"Leonor Popócatl, candidata de ""Fuerza y corazón por México"" a diputada federal por el Distrito 13, denunció a Miguel Carrillo, su oponente de Morena, por presunta violencia política de género.",Sí,Municipios Puebla,https://municipiospuebla.mx/nota/2024-05-29/atlixco/pop%C3%B3catl-denuncia-ante-el-ine-miguel-carrillo-por-violencia-de-g%C3%A9nero/
29/05/2024,Nogales,3.130.118,-1.109.381,Dora Alicia Ruelas Armenta,Presidenta municipal,N/A,Partido Sonorense,N/A,N/A,Violencia política de género,"Dora Alicia Ruelas Armenta, candidata a la alcaldía de Nogales, Sonora, por el Partido Sonorense, denunció a su oponente de Morena, Juan Francisco Gim por hostigamiento y violencia de género. ",N/A,El Universal,https://www.eluniversal.com.mx/elecciones/candidata-del-partido-sonorense-denuncia-publicamente-a-alcalde-de-nogales-lo-acusa-de-violencia-de-genero-y-hostigamiento/
29/05/2024,Tlaxcala,1.931.392,-9.824.043,Antonio Herrera,Presidente municipal,N/A,MC,N/A,N/A,Allanamiento,"Sujetos allanaron en la casa de Luis Antonio Herrera, candidato a la alcaldía de Tlaxcala por MC, ",Sí,Quadratin Tlaxcala,https://tlaxcala.quadratin.com.mx/principal/tras-cierre-de-campana-irrumpen-en-domicilio-de-luis-antonio-herrera/
29/05/2024,Tepic,2.150.416,-10.489.458,Geraldine Ponce,Presidente municipal,N/A,Morena,N/A,N/A,Violencia política de género,"Geraldine Ponce, candidata de la coalición ""Sigamos haciendo historia"" a la alcaldía de Tepic, Nayarit, denunció ser víctima de violencia política de género. ",N/A,Aristegui Noticias,https://aristeguinoticias.com/2905/mexico/geraldine-ponce-denunciara-violencia-politica-en-razon-de-genero-en-su-contra/
29/05/2024,San Juan del Río,2.053.384,-1.001.878,Miriam Gómez Anaya,Presidenta municipal,N/A,PRD,N/A,N/A,Agresión verbal,"Miriam Gómez Anaya, candidata del PRD a la alcaldía de San Juan del Rïo, Qro. fue agredida verbalmente por un sujeto durante su cierre de campaña. ",N/A,Diario Rotativo,https://rotativo.com.mx/locales/san-juan-del-rio/miriam-gomez-anaya-sufre-agresion-en-cierre-campana_1517908_102.html
30/05/2024,Xiutetelco,1.979.292,-9.732.496,Jorge Domínguez,Presidente municipal,N/A,Nueva Alianza,N/A,N/A,"Agresión armada, vandalismo y amenazas","Sujetos balean y queman la camioneta de Jorge Domínguez, candidato a la alcaldía de ese municipio por Nueva Alianza. Los agresores dejaron sobre el vehículo destruido dos cartulinas con amenazas. ",N/A,Milenio,https://www.milenio.com/politica/elecciones/atacan-candidato-alianza-edil-xiutetelco-puebla
30/05/2024,Santa María Mixtequilla,1.637.442,-9.525.963,Juan Carlos García Salud,Presidente Municipal ,N/A,PVEM,N/A,N/A,Agresión Armada ," Sujetos dispararon en 15 ocasiones contra la vivienda de Juan Carlos García Salud, candidato del PVEM a la alcaldía de Mixtequilla, Oaxaca. ",N/A,Milenio,https://www.milenio.com/politica/elecciones/civiles-armados-disparan-domicilio-candidato-mixtequilla-oaxaca
30/05/2024,Ciudad de México,194.326,-991.332,Pedro Haces,N/A,Líder sindical,Morena,N/A,N/A,Robo,"Pedro Haces, líder sindical morenista denunció que le robaron su cartera al concluir el cierre de campaña de Claudia Sheinbaum. ",N/A,Infobae,https://www.infobae.com/mexico/2024/05/30/bolsean-a-pedro-haces-lider-sindical-de-la-4t-en-cierre-de-campana-de-claudia-sheinbaum-fue-algun-priista-o-panista/
30/05/2024,Venustiano Carranza,2.050.833,-9.767.244,N/A,N/A,N/A,N/A,Ernesto García,Morena,Delito Electoral,"Militantes del PRI y del PAN irrumpieron en una vivienda de Venustiano Carranza, Puebla, donde denunciaron que se realiza la compra de votos a favor de Ernesto García, candidato a la alcaldía del municipio por Morena. En el lugar se desató una riña y los militantes de la oposición retuvieron paquetes de dinero. ",N/A,MTPNoticias,https://mtpnoticias.com/la-grilla/eleccion-2024/irrumpen-mapacheras-en-municipios-de-puebla-compran-votos-con-dinero-y-despensas/
30/05/2024,Ciudad Juárez,3.169.036,-10.642.454,David Ramos,N/A,Coordinador de campaña,Fuerza y corazón por México,N/A,N/A,Agresión Física,"Sujetos armados con varillas irrumpieron en un restaurant donde se encontraban integrantes de la coalición ""Fuerza y corazón por México"" y agredieron David Ramos, coordinador de campaña del candidato a diputado, Manuel Dick Alarcón. ",N/A,La Opción de Chihuauha,https://www.laopcion.com.mx/juarez/agreden-a-coordinador-de-campana-del-candidato-a-diputado-manuel-dick-20240530-464500.html
30/05/2024,Mixquiahuala,2.022.457,-9.922.867,N/A,N/A,Militantes ,PT,N/A,N/A,Agresión física y vandalismo," Sujetos armados irrumpieron en la casa de la comunidad de Jaguey Blanco y golpearon a  cachazos a  simpatizantes del PT , a quienes también amagaron. Los agresores hicieron detonaciones y dañaron un vehículo. ",N/A,News Hidalgo,https://www.newshidalgo.com.mx/hombres-armados-golpean-y-amedrentan-a-simpatizantes-del-pt-en-mixquiahuala/
30/05/2024,Tehuacán,184.665,-9.740.038,N/A,N/A,N/A,N/A,Araceli Celestino Rosas,PT,Delito Electoral,"Diversos ciudadano denunciaron por separado a Araceli Celestino Rosas, candidata a diputada federal por el PT, de compra masiva de votos. ",N/A,La Jornada oriente,https://www.lajornadadeoriente.com.mx/puebla/en-vispera-a-eleccion-denuncian-mapacheras-a-favor-de-morena-tehuacan-cholula/
30/05/2024,San Andrés Cholula,1.905.995,-9.829.491,N/A,N/A,N/A,N/A,Víctor Correau Galeazz,Morena-PT-FxM,Delito Electoral,"Diversos ciudadanos denunciaron a Víctor Correau Galeazzi, candidato de Morena-PT-FXM de repartir despensas y ofrecer 500 pesos a cambio del voto.",N/A,La Jornada oriente,https://www.lajornadadeoriente.com.mx/puebla/en-vispera-a-eleccion-denuncian-mapacheras-a-favor-de-morena-tehuacan-cholula/
30/05/2024,Cosamalopan,1.836.631,-9.579.583,N/A,N/A,N/A,PRI-PAN-PRD,N/A,N/A,Delito Electoral,PRI-PAN-PRD denunciaron el robo de un paquete con 100 boletas electorales en Cosamaloapan. ,N/A,Milenio,https://www.milenio.com/videos/politica/elecciones/pri-pan-prd-denuncian-robo-100-boletas-electorales-veracruz
30/05/2024,Camargo,2.767.637,-10.516.695,Fito Trillo,Presidente Muncipal,N/A,MC,N/A,N/A,Amenazas,"Colocaron narcomantas en el ingreso de Camargo para amenazar a la población de que si votan por FIto Trillo, candidato de MC a presidente municipal de ese municipio, habrá consecuencias a la paz. ",Sí,El Diario de Juárez,https://diario.mx/estado/cuidado-camargo-localizan-narcomantas-en-contra-de-fito-trillo-20240530-2179508.html
30/05/2024,Villa López,2.699.065,-105.037,N/A,N/A,N/A,N/A,Heberto Caballero,MC,Delito Electoral,"Ciudadana denunció al emecista Heberto Caballero, alcalde de Villa López de repartir despensas en plena veda electoral. ",N/A,El Diario de Chihuahua,https://www.eldiariodechihuahua.mx/estado/2024/may/30/video-denuncian-entrega-de-apoyos-en-veda-electoral-625910.html
30/05/2024,Tampacán,2.140.069,-987.319,Yizlen Sánchez,Presidente municipal,N/A,PVEM,N/A,N/A,Agresión armada,"Yizlen Sánchez, candidata a la alcaldía de Tampacán, SLP, por el PVEM, fue víctima de una agresión armada cuando viajaba junto a su esposa el diputado Cristian Joaquín Sánchez Sánchez de la misma fuerza política. ",N/A,El Sol de San Luis,https://www.elsoldesanluis.com.mx/local/denuncian-ataque-a-tiros-contra-candidata-y-su-familia-en-tampacan-12011058.html
30/05/2024,Acatepec,1.732.411,-9.890.962,Heladio Nayo García ,N/A,representante de casilla,PRD,N/A,N/A,Asesinato,"Un comando agredió a ocho representantes de casilla del PRD en Acatepec, Guerrero, uno de ellos, de nombre Heladio Nayo García, fue asesinado. Los hechos fueron denunciados durante la sesión extraordinaria del IEPC del estado. ",N/A,El Sol de Acapulco,https://www.elsoldeacapulco.com.mx/elecciones-2024/asesinan-a-representante-de-casilla-del-prd-en-acatepec-12012303.html
30/05/2024,Tlaxcala,1.941.588,-9.813.931,Lázaro Rosas Cortés,Presidente municipal declinado,N/A,MC,N/A,N/A,Vandalismo," Incendian la casa de campaña de Lázaro Rosas Cortés, excandidato a la alcaldía de Apizaco, Tlaxcala, por MC, quien declinó Javier Rivera Bonilla, candidato de Morena. Una persona resultó lesionada. ",N/A,El Sol de Hidalgo,https://www.elsoldehidalgo.com.mx/elecciones-2024/danan-casa-de-campana-de-mc-en-apizaco-tlaxcala-12003773.html
30/05/2024,Venustiano Carranza,2.050.833,-9.767.244,N/A,N/A,N/A,PAN,Ernesto García,Morena,Delito Electoral,"Militantes del PAN ingresaron a la Asociación Ganadera de Venustiano Carranza y golpearon al secretario Francisco Esquitín. En el lugar encontraron dinero en efectivo, listas y copias de credencial de elector que consideraron pudieron ser utilizados en una operación de Morena para la compra de votos a favor de su candidato a la alcaldía, Ernesto García.",N/A,El Sol de Puebla,https://www.elsoldepuebla.com.mx/elecciones-2024/acusan-a-morenistas-de-realizar-compra-de-votos-en-venustiano-carranza-12008334.html
31/05/2024,Izúcar de Matamoros,1.859.912,-9.846.778,Jorge Huerta Cabrera,Regidor,N/A,PVEM,N/A,N/A,Asesinato,"Jorge Huerta, candidato a regidor de Izúcar de Matamoros, Puebla, por el PVEM fue asesinado en Junta Auxiliar de San Nicolás Tolentino. Su esposa y un colaborador también resultaron heridos.",N/A,La Silla Rota,https://lasillarota.com/estados/2024/5/31/matan-balazos-jorge-huerta-cabrera-candidato-regidor-por-el-pvem-en-izucar-de-matamoros-485591.html
31/05/2024,Azoyú,1.673.253,-986.034,José Efrén López Cortés,DIputado local ,N/A,Morena,N/A,N/A,Agresión armada," Un comando abrió fuego contra el vehículo de José Efrén López Cortés, candidato de Morena a diputado local en Guerrero. La agresión ocurrió sobre la carretera federal que conecta a Acapulco con Pinotepa Nacional. ",N/A,Infobae,https://www.infobae.com/mexico/2024/05/31/balean-camioneta-de-jose-efren-lopez-candidato-a-diputado-local-por-morena-en-guerrero/
31/05/2024,San Felipe Orizatlán,2.116.907,-9.861.331, Carlos César Pérez Escamilla,Presidente municipal,N/A,PT,N/A,N/A,Agresión armada,"Un comando abrió fuego contra el auto de Carlos César Pérez Escamilla, candidato del PT a la alcaldía de San Felipe Orizatlán; también dispararon contra la casa de uno de sus familiares. ",N/A,La Jornada San Luis,https://lajornadasanluis.com.mx/nacional/balean-auto-de-candidato-del-pt-en-san-felipe-orizatlan-hgo/
31/05/2024,Chicomuselo,1.574.078,-9.228.766,N/A,N/A,N/A,N/A,N/A,N/A,Vandalismo,"Sujetos incendiaron el Consejo Municipal Electoral de Chicomuselo, de Chiapas. No se reportan heridos pero las boletas electorales se quemaron. ",Sí,IEPC Chiapas,https://www.iepc-chiapas.org.mx/comunicados/3701-incendian-consejo-municipal-del-iepc-en-chicomuselo
31/05/2024,Totolapa,1.654.522,-9.268.296,N/A,N/A,Elementos de la Policía Estatal Preventiva,,N/A,N/A,"Agresión, robo y quema de boletas",Habitantes interceptaron a elementos de la Policía Estatal Preventiva y mediante el uso de la fuerza les despojaron de la papelería electoral que transportaban a la ranchería Guadalupe y después incendiaron las boletas. ,Sí,Fiscalía General de Chiapas,https://www.fge.chiapas.gob.mx/Prensa/Articulo/351BD722-CC51-41AC-A529-26C03EBFB9EB
31/05/2024,Nogales,3.130.118,-1.109.381,N/A,N/A,N/A,N/A,N/A,N/A,Delito Electoral," Emma Arellano Peñaloza, vocal ejecutiva de la Junta Distrital 02 del INE, confirmó el robo de 300 boletas para la votación por diputado federal por el Distrito 2. Las boletas fueron robadas de tres casillas diferentes. ",Sí,El Diario de Sonora,https://eldiariodesonora.com.mx/nogales/2024/05/31/sustraen-300-boletas-electorales-denuncia-ine-nogales.html
31/05/2024,Villa de Reyes,2.180.584,-10.093.245,Uriel Cebrián,N/A,Colaborador de candidato ,Fuerza y corazón por México,N/A,PVEM,Agresión física,"Uriel Cebrián, colaborador de Luis Ramírez Meléndez, candidato a la alcaldía de Villa de Reyes por la coalición ""Fuerza y corazón por México"" fue bajado de su vehículo por la fuerza, golpeado y despojado de sus pertenencias supuestamente por integrantes del PVEM. ",N/A,Plano Informativo,https://planoinformativo.com/1006607/agreden-a-integrante-de-planilla-en-villa-de-reyes
31/05/2024,Ciudad de Apizaco,1.941.588,-9.813.931,Pablo Badillo,Presidente municipal ,N/A,PAN,N/A,N/A,Agresión Física,"Un grupo de personas ingresó en el domicilio de Pablo Badillo, candidato a la alcaldía de Apizaco. Tlaxcala, por el PAN y agredieron a los presentes, entre ellos mujeres. Uno de los agresores sería Lázaro Rosas, candidato de MC a la alcaldía de Apizaco, que declinó por Morena. ",N/A,GenteTLX,https://gentetlx.com.mx/2024/05/31/agreden-simpatizantes-de-candidato-en-apizaco-a-equipo-de-trabajo-de-su-contrincante-video/
31/05/2024,Ixtepec,2.002.436,-9.764.559,N/A,N/A,Colaboradores de candidato,MC,N/A,"Morena,PRI.PRD",Agresión física y vandalismo,"Vicente Núñez Juárez, candidato de MC a la alcaldía de Ixtepec, Puebla, denunció que grupos afines a Morena, PRI y PRD agredieron a miembros de su equipo, además de romper parabrisas y cristales. ",N/A,E-Consulta,https://www.e-consulta.com/nota/2024-05-31/municipios/simpatizantes-de-morena-prd-y-pri-agreden-seguidores-de-mc-en-ixtepec
31/05/2024,Chalchicomula de Sesma ,189.854,-9.744.448,Edgar Jiménez,Presidente Municipal,N/A,PRI-PAN-PSI,Uruviel González,MC,Agresión Fïsical," Edgar Jiménez, candidato del PRI-PAN-PSI, a la alcaldía de Chalchicomula de Sesma, Puebla, fue golpeado al salir de las oficinas del PAN. El agredido señaló a Uruviel González, candidato de MC que busca la reelección y a sus hijos de agredirlo. ",N/A,Contraparte,https://contraparte.mx/partidos-politicos/62112-edil-de-ciudad-serd%C3%A1n-manda-a-golpear-al-candidato-del-pan.html
31/05/2024,Juárez,1.760.698,-9.319.248,N/A,N/A,Colaboradoes,Partido Chiapas Unido (PCHU),N/A,N/A,Secuestro,"Un comando ingresó al Comité Municipal del Partido Chiapas Unido (PCHU) y secuestraron a dos colaboradores de Óscar Quevedo, candidato a la alcaldía de ese municipio.",N/A,El Heraldo de Chiapas,https://www.elheraldodechiapas.com.mx/elecciones-2024/plagian-y-golpean-a-colaboradores-de-candidato-a-alcaldia-12011651.html
31/05/2024,Xoxtla,1.916.676,-9.830.948,N/A,N/A,N/A,N/A,N/A,Morena,Delito Electoral,Habitantes de Xoxtla denunciaron a la alcaldesa  Guadalupe Siyancán Peregrina Díaz quien busca la reelección por Morena de intentar comprar votos a cambio de despensas. ,N/A,La Jornada Oriente,https://www.lajornadadeoriente.com.mx/puebla/denuncian-supuesta-compra-votos-candidata-morena-xoxtla-siyancan-peregrina-niega/
31/05/2024,Monterrey,2.568.661,-10.031.611,N/A,N/A,N/A,N/A,N/A,Fuerza y corazón por Nuevo León,Delito Electoral,"La SSPC de Monterrey detuvo a tres hombres señalados por la compra de votos a favor de la coalición ""Fuerza y corazón por Nuevo León"". ",Sí,El Universal ,https://www.eluniversal.com.mx/elecciones/detienen-a-tres-hombres-por-presunta-compra-de-votos-en-nuevo-leon/
31/05/2024,Acajete,1.910.572,-9.794.294,N/A,N/A,N/A,N/A,Cristian Flores Flores,Morena,Delito Electoral,"Ciudadanos denunciaron Cristian Flores Flores, candidato a la alcaldía de Acajete, Puebla por Morena, de realizar compra de votos. ",N/A,El Sol de Puebla,https://www.elsoldepuebla.com.mx/elecciones-2024/en-acajete-denuncian-compra-de-votos-12011202.html
31/05/2024,Ciudad Juárez,3.169.036,-10.642.454,David Ramos,Diputado plurinominal,N/A,PRI-PAN-PRD,N/A,N/A,Agresión física," David Ramos, candidato a diputado plurinominal por el PRI-PAN-PRD, fue golpeado al salir de un restaurante. ",Sí,Diario de Juárez,https://www.elheraldodejuarez.com.mx/elecciones-2024/denuncian-agresiones-a-candidatos-de-fuerza-y-corazon-por-mexico-12010516.html
31/05/2024,Ciudad Juárez,3.169.036,-10.642.454,N/A,N/A,Coordinador de campaña ,PRI-PAN-PRD,N/A,N/A,Agresión Física ,"Isamar Valadez, candidata a diputada local por el PRI-PAN-PRD, denunció que uno de sus colaboradores fue golpeado a cachazos y amenazado. ",Sí,Diario de Juárez,https://www.elheraldodejuarez.com.mx/elecciones-2024/denuncian-agresiones-a-candidatos-de-fuerza-y-corazon-por-mexico-12010516.html
31/05/2024,Cuauhtémoc ,1.941.836,-9.914.463,N/A,N/A,N/A,N/A,N/A,N/A,Delito Electoral,La Fiscalía Electoral de la CDMX detuvo a tres hombres de nacionalidad venezolana ac,Sí,X/@FEPADE_CDMX,https://x.com/FEPADE_CDMX/status/1796600518359515601
31/05/2024,Ocoyucan,1.894.165,-9.831.979,N/A,N/A,N/A,N/A,Aristóteles Campos,PAN-PRI-PRD,Delito Electoral,"Aristóteles Campos, candidato a la alcaldía de Ocoyucan, Puebla, por el PAN-PRI-PRD, fue denunciado por compra de votos apoyado por Antorcha Campesina. ",N/A,Cambio,https://www.diariocambio.com.mx/2024/reporte-2024/se-reporta-compra-de-votos-y-credenciales-de-elector-por-todo-el-estado-los-antorchos-galeazzi-celestino-videos/
31/05/2024,Tulúm,2.021.141,-8.746.535,Jorge Portilla Mánica ,Presidente Municipal,N/A,MC,N/A,N/A,Agresión armada,"Sujetos balearon la casa de Jorge Portilla Mánica, candidato de Movimiento Ciudadano a la alcaldía de Tulum. ",N/A,La Jornada ,https://www.jornada.com.mx/noticia/2024/05/31/espectaculos/balean-casa-de-candidato-de-mc-en-tulum-4283
31/05/2024,Tlatlauquitepec,1.985.464,-9.749.494,Celia Moreno,Directora de Seguridad Pública municipal,N/A,N/A,N/A,N/A,Agresión física,"Presuntos colaboradores de Juan Manuel Téllez, candidato de Morena a la alcaldía de Tlatlauquitepec, Puebla, habrían retenido por tres horas a Celia Moreno Ramírez, directora de Seguridad Pública del municipio porque circuló cerca del domicilio del candidato. La sujetos la habrían obligado a descender del vehículo, la habrían golpeado y despojado de su teléfono.",N/A,Cambio,https://www.diariocambio.com.mx/2024/reporte-2024/simpatizantes-de-candidato-de-morena-en-tlatlauquitepec-golpean-y-retienen-a-directora-de-seguridad/
31/05/2024,Bachíniva,2.875.625,-10.725.373,N/A,N/A,N/A,N/A,N/A,N/A,Delito Electoral," El Instituto Estatal Electoral de Chihuahua detuvo a seis personas sospechosas de intento de robo de boletas electorales. Fueron detenidos en flagrancia, cuando abrían un boquete en el techo de la bodega donde se encontraba la papelería electoral. ",Sí,Acento,https://acento.com.mx/index.php/2024/05/31/detienen-a-6-por-intento-de-robo-de-boletas-electorales-en-bachiniva/
31/05/2024,Rosales,2.818.541,-10.555.655,N/A,N/A,N/A,N/A,Funcionario de la Secretaría del Bienestar,Morena,Delito Electoral," Un funcionario de la Secretaría del Bienestar que se identificó como José Vicente S, fue arrestado por compra de votos en Rosales, Chihuahua a favor de Morena.",Sí,El Diario de Chihuahua,https://eldiariodedelicias.mx/local/2024/may/31/detienen-a-coordinador-de-bienestar-por-compra-de-credenciales-626074.html
31/05/2024,Fresnillo,2.317.775,-10.286.874,Javier Torres Rodríguez,Presidente Municipal,N/A,PAN-PRI-PRD,N/A,N/A,Amenazas,"Javier Torres Rodríguez, candidato del PAN-PRI-PRD a la alcaldía de Fresnillo denunció que fue intimidado por policías estatales después de que apuntaran hacia él desde un vehículo en el que presuntamente un exfuncionario y un funcionario de Zacatecas.",Sí,NTR Zacatecas,https://ntrzacatecas.com/2024/06/denuncia-candidato-javier-torres-detencion-arbitraria/
01/06/2024,Cochoapa ,1.672.099,-9.837.305,N/A,N/A,N/A,N/A,Salvador Robles Zacapala,PRI,Amanezas y delito electoral ," Habitantes de Choapa  denunciaron que Jesús Robles Zacapala, hermano de Salvador Robles Zacapala, candidato del PRI a la alcaldía del municipio, realiza actos de intimidación enviando hombres armados a irrumpir en las viviendas y realiza compra de votos a favor del PRI. ",N/A,Quadratin Bajío,https://bajio.quadratin.com.mx/armados-intimidan-para-votar-por-el-pri-acusan-en-ometepec/
01/06/2024,Xalpatláhuac ,1.746.738,-9.860.782,Maurilio Francisco Hernández,N/A,Regidor,Morena,N/A,N/A,Agresión armada,"Sujetos balearon la casa y un vehículo propiedad de Maurilio Francisco Hernández, regidor de Morena en Xalpatláhuac, Guerrero ",N/A,Quadratin Bajío,https://bajio.quadratin.com.mx/disparan-contra-la-casa-de-un-regidor-de-morena-en-xalpatlahuac/
01/06/2024,Cañada Morelos,1.873.753,-9.741.939,N/A,N/A,Colaboradores ,PAN-PRI-PRD-PSI,N/A,N/A,Agresión armada,"Sujetos balearon casas de colaboradores de Ana Laura Sánchez Benítez, candidata a la presidencia municipal de Cañada Morelos, Puebla por la coalición PAN-PRI-PRD-PSI. ",N/A,El Popular,https://elpopular.mx/ciudadania-y-gobierno/2024/06/01/atentado-pri-balacera-caneda-morelos
01/06/2024,Cuilápam Guerrero ,1.699.148,-9.677.884,Víctor Robles Silva,Presidente Municipal ,N/A,PVEM,N/A,N/A,Agresión armada ,"Sujetos armados balearon la casa de Víctor Robles Silva, candidato del PVEM a la alcaldía de Cuilápam de Guerrero, Oaxaca. ",N/A,El Imparcial ,https://imparcialoaxaca.mx/policiaca/867455/balean-domicilio-de-candidato-en-cuilapam/
01/06/2024,Sola de Vega ,1.707.411,-9.675.258,Alberth Cabrera Jarquín ,Presidente Municipal ,N/A,Morena ,N/A,N/A,Agresión armada y amenazas,"Sujetos balean la casa de Alberth Cabrera Jarquín, candidato de Morena a la presidencia municipal de Sola de Vega, Oaxaca, Los agresores también le dejaron un mensaje con la leyenda ""Te abres o te abrimos"". ",N/A,Primera Línea ,https://www.primeralinea.mx/2024/06/01/atentan-contra-candidato-de-morena-a-la-alcaldia-en-sola-de-vega-balean-su-domicilio/
01/06/2024,Álamos ,2.702.548,-1.089.413,N/A,N/A,N/A,PRI y PRD, Claudia Zulema Bours Corral,PVEM,Delito Electoral,"El PRI y El PRD denunciaron ante el Instituto Estatal Electoral (IEE) de Sonora y la Fiscalía del estado a Claudia Zulema Bours Corral, candidata por el PVEM a diputada local y a Iris Valenzuela Reyes y a Huber Aguilar Banda por compra de votos.",Sì,El Universal,https://www.eluniversal.com.mx/elecciones/denuncian-ante-iee-y-fgje-supuesta-compra-de-votos-en-alamos-sonora/
01/06/2024,Morelia,1.970.595,-10.119.498,N/A,N/A,N/A,PRI  ,Alfonso Martínez Alcázar,PAN-PRD,Delito Electoral,"Una organización social encontró despensas y propaganda en favor de Alfonso Martínez Alcázar, candidato del PAN y PRD a la alcaldía de Morelia, Michoacán. El presunto delito electoral fue denunciado por su oponente del PRI, René Valencia. ",N/A,La Jornada,https://www.jornada.com.mx/noticia/2024/06/01/estados/hallan-despensas-con-propaganda-del-candidato-panista-a-edil-de-morelia-9241
01/06/2024,Mérida,2.096.737,-8.959.258,N/A,N/A,N/A,N/A," Martina Silva Gutiérrez y Danica Rubí Flores Chan,",Funcionarias,Delito Electoral,"El diputado Rafael Echazarreta denunció ante la FGR  y la Fiscalía General de Yucatán a Martina Silva Gutiérrez y Danica Rubí Flores Chan, funcionarias de la Secretaría del Bienestar en el estado por utilizar recursos humanos y materiales de la dependencia para apoyar a Joaquín Díaz Mena, candidato de Morena-PVEM-PT a la gubernatura del estado..",Sí,Emeequis,https://m-x.com.mx/urna-2024/denuncian-a-funcionarias-del-bienestar-en-yucatan-por-operar-en-favor-de-huacho/
01/06/2024,Huajuapan de León,1.781.125,-9.778.034,,N/A,N/A,N/A,N/A,N/A,Delito Electoral,"Denuncian hallazgo de despensas en un domicilio de la agencia El Carmen, en Huajuapan de León, Oaxaca. Autoridades resguardaron los paquetes que se presume pudieron ser utilizados para la compra de votos. ",Sí,El Imparcial ,https://imparcialoaxaca.mx/policiaca/867452/denuncian-un-domicilio-con-despensas/
01/06/2024,Aguililla ,1.873.711,-10.278.535,N/A,N/A,N/A,N/A,Elsa Guadalupe Contreras,PVEM,Amenazas,"Habitantes de Aguililla, Michoacán denunciaron que integrantes del CJNG los amenazado de muerte si no votan a favor de Elsa Guadalupe Contreras Sánchez, candidata a la alcaldía del municipio por el PVEM.",N/A,El Universal ,https://www.eluniversal.com.mx/elecciones/voto-o-plomo-advierte-cjng-a-habitantes-de-aguililla-michoacan-pobladores-piden-apoyo-del-estado-y-la-federacion/
01/06/2024,Ixhuatán,1.729.258,-9.300.857,N/A,N/A,Colaboradores,PRD,N/A,N/A,Agresión armada ,"Un comando agredió a colaboradores de Pablo Favián López López, candidato del PRD a la alcaldía de Ixhuatán, Chiapas. Se reportaron seis heridos como saldo de la agresión",N/A,Facebook/Pablo Favián López,https://www.facebook.com/pablofavian.lopezlopez/posts/pfbid0RtaWeCF7NBe95Eajg82nRhuiDYWzQkBvqfUyzJaqniTMVMvCxrFV5ymY5uRWTKmwl
01/06/2024,Tlalmanalco de Velázquez,1.920.522,-9.880.044,Víctor Espinoza Mendoza,Presidente municipal ,N/A,PT,N/A,N/A,Agresión armada,"Víctor Espinoza Mendoza, candidato a la alcaldía de Tlalmanalco, Edomex, por el PT, fue agredido a balazos. Dos sujetos a bordo de una motocicleta le dispararon y logró esquivarlos.  ",N/A,Infobae,https://www.infobae.com/mexico/2024/06/02/candidato-del-pt-a-presidente-municipal-de-tlalmanalco-edomex-fue-atacado-a-disparos/
01/06/2024,Tuxpan,2.194.465,-10.529.848,Heriberto Paredes,Presidente municipal ,N/A,Nueva Alianza-Levántate Nayarit,N/A,N/A,Detención arbitraria,"Policías municipales detuvieron a Heriberto Paredes, candidato de Nueva Alianza y Levántate Nayerit para la alcaldía de Tuxpan, Nayarit. Diego Calderón, representante de Levántate Nayarit, denunció que el candidato fue privado de su libertad sin una orden de arresto y con abuso de fuerza. ",N/A,Aristegui Noticias,https://aristeguinoticias.com/0106/mexico/policia-priva-de-la-libertad-a-candidato-de-tuxpan-denuncian-dirigentes-de-levantate-nayarit-y-nueva-alianza-videos/
01/06/2024,Huautla   ,2.103.169,-9.828.685,Doralicia Martínez Bautista,Presidente municipal ,N/A,Morena y Nueva Alianza,N/A,N/A,Vandalismo," Incendian un vehículo propiedad de un funcionario del Gobierno de Huautla frente a la cada de Doralicia Martínez Bautista, candidata de Morena y Nueva Alianza a la alcaldía del municipio. La candidata denunció el hecho como un atentado en su contra. ",N/A,El Univeresal Hidalgo,https://www.eluniversalhidalgo.com.mx/municipios/doralicia-martinez-denuncio-atentado-en-huautla/
01/06/2024,Ciudad Serdán ,189.844,-9.745.436,N/A,N/A,N/A,N/A,Uruviel González,MC,Delito Electoral,"Ciudadanos realizan protestas frente al palacio municipal de Ciudad Serdán en protesta por la supuesta compra de votos por parte de Uruviel González, candidato de MC que busca la reelección como alcalde del municipio. Debido a que no lograron ingresar al recinto, los manifestantes incendiaron una patrulla municipal.",N/A,Contraréplica ,https://www.contrareplica.mx/nota-Incendian-patrulla-en-Ciudad-Cerdan-Puebla-por-presunta-compra-de-votos--2024160
01/06/2024,Chihuahua,2.864.337,-10.605.879,N/A,N/A,N/A,N/A,"Claudia Sheinbaum, Luis La Torre y Andrea Chávez",Morena,Delito Electoral,"La Agencia Estatal de Investigación y Servicios Periciales de la Fiscalía General de Chihuahua cateó un domicilio donde encontraron credenciales de elector y mapas de zonificación distrital. En la fachada de la vivienda se encontraba una lona con propaganda para Claudia Sheinbaum y Miguel La Torre, candidato a la alcaldía del municipio. Al interior había más propaganda para Andrea Chávez. ",Sí,El Diario de Chihuahua,https://www.eldiariodechihuahua.mx/local/2024/jun/01/revientan-casa-con-credenciales-de-elector-y-propaganda-de-morena-626281.html
01/06/2024,Lerdo,2.553.816,-10.353.392,N/A,N/A,N/A,PAN-PRI-PRD,N/A,Morena,Delito Electoral,"Representantes jurídicos del PAN-PRI-PRD denunciaron al Consejo Electoral de Participación Ciudadana de Durango que Morena realizaba compra de votos en una sucursal de la financiara del Bienestar ubicada en Lerdo, donde rompieron los sellos que previamente habían sido colocados. ",Sí,El Sol de Durango,https://www.elsoldedurango.com.mx/elecciones-2024/denuncia-fuerza-y-corazon-por-mexico-presunta-compra-de-votos-en-lerdo-12014390.html
01/06/2024,Zapotitlán de Méndez,2.000.197,-977.142,Ramón Malagón García,N/A,Chofer de candidato,PT,Emilioano Velázquez,N/A,Asesinato,"Ramón Malagón García, chofer de Salvador Tino Martínez, candidato del PT a la alcaldía de Zapotitlán de Méndez, Puebla, fue asesinado. Habitantes señalan como responsable del homicidio a Emiliano Vázquez, actual alcalde del municipio. ",N/A,La Jornada Oriente,https://www.lajornadadeoriente.com.mx/puebla/acusan-al-edil-de-zapotitlan-de-haber-asesinado-esta-tarde-al-chofer-de-candidato-del-pt/
01/06/2024,Cuitzeo,199.685,-1.011.406,Israel Delgado Vega,Síndico,N/A,PT,N/A,N/A,Asesinato,"Israel Delgado Vega, candidato por el PT a síndico del ayuntamiento de Cuitzeo, Michoacán fue asesinado en la localidad de San Juan Benito Juárez, cuando se encontraba en su domicilio. ",N/A,Infoabae,https://www.infobae.com/mexico/2024/06/02/matan-a-israel-delgado-vega-aspirante-a-sindico-de-cuitzeo-michoacana-a-horas-de-la-eleccion/
02/06/2024,Villa Magna ,2.215.933,-10.104.435,N/A,N/A,N/A,N/A,N/A,N/A,Delito Electoral,"En Villa Magna, SLP, un individuo fue detenido por la Guardia Civil Estatal tras intentar incendiar las boletas en una de las casillas electorales. Los votantes evitaron que el fuego se propagara. ",Sí,El Pulso de San Luis,https://pulsoslp.com.mx/slp/incendio-de-boletas-electorales-en-villa-magna/1802326
02/06/2024,Santa Catarina ,256.746,-10.044.231,N/A,N/A,N/A,N/A,N/A,Fuerza y corazón por Nuevo León,Delito Electoral," Leopoldo Moreno, vocero de Héctor Castillo. candidato por la coalición ""Fuerza y corazón X Nuevo León"", a la alcaldía de Santa Catarina, y Jorge Humberto Jeremías, representante del PAN fueron arrestados por encontrarse en una casilla a la que no pertenecían. ",N/A,ABC Noticias,https://abcnoticias.mx/seguridad/2024/6/2/detienen-vocero-de-comunicacion-de-hector-castillo-candidato-en-santa-catarina-217773.html
02/06/2024,Tlapanalá,1.869.574,-9.853.367,N/A,N/A,N/A,N/A,N/A,N/A,Delito Electoral y agresión armada,"Sujetos armados irrumpieron en la casilla de votación instalada en  Escuela Gabriela Mistral de Tlapanalá, Puebla, y robaron seis paquetes electorales. ",N/A,El Sol de México,https://www.elsoldemexico.com.mx/elecciones-2024/hombres-armados-roban-paquetes-electorales-en-casilla-de-tlapanala-puebla-12017538.html
02/06/2024,Tlapanalá,1.869.574,-9.853.367,N/A,N/A,N/A,N/A,N/A,N/A,Asesinato,En las inmediaciones de la casilla instalada en la escuela Gabriela Mistral se desató una balacera y una mujer murió.,N/A,La Jornada Oriente,https://www.lajornadadeoriente.com.mx/puebla/muere-una-mujer-robo-de-papeleria-electoral-en-tlapanala/
02/06/2024,Querétaro,2.061.929,-1.003.912,N/A,N/A,N/A,N/A,N/A,N/A,Vandalismo y delito electoral ,"Dos hombres ingresaron a la casilla instalada en la primaria Bicentenario de Querétaro, rociaron gasolina e intentaron quemar las urnas. Después intentaron huir en una motocicleta y fueron arrollados por un vehículo, por lo que continuaron la huida corriendo. ",N/A,La Silla Rota,https://lasillarota.com/estados/2024/6/2/intentan-quemar-urnas-en-una-primaria-en-queretaro-video-485694.html
02/06/2024,Jurquilla,206.962,-10.045.065,N/A,N/A,N/A,N/A,N/A,N/A,Vandalismo y delito electoral ,"Sujetos irrumpieron en una casilla instalada en Jurquilla, Querétaro y le prendieron fuego. ",N/A,El SIglo de Torreón,https://www.elsiglodetorreon.com.mx/noticia/2024/queman-casillas-electorales-en-queretaro.html
02/06/2024,Cuajimalpa ,1.935.575,-9.929.935,N/A,N/A,N/A,N/A,N/A,N/A,Amenazas,"En una casilla de la alcaldía Cuajimalpa, Ciudad de México, se reportó una amenaza de bomba que resultó falsa alarma. Elementos de la SSC cerraron la casilla por unos minutos para realizar la inspección. ",Sí,Aristegui Noticias,https://aristeguinoticias.com/0206/mexico/falsa-alarma-de-bomba-en-cuajimalpa-merma-votacion-video/
02/06/2024,Jacona,1.994.737,-10.231.024,N/A,N/A,N/A,N/A,N/A,N/A,Delito Electoral,"Comando robó de manera coordinada paquetes electorales en cinco casillas de Jacona, Michoacán. Siete mesas directivas de casillas fueron afectadas y se requirió el despliegue de la Guardia Nacional. ",Sí,Infoabe,https://www.infobae.com/mexico/2024/06/02/comando-armado-roba-paquetes-en-cinco-casillas-electorales-de-jacona-michoacan/
02/06/2024,Tlalnepantla ,1.953.606,-9.919.683,N/A,N/A,N/A,N/A,N/A,Morena,Vandalismo,"Alberto ""N"" y SInaí ""N"" fueron arrestados por arrojar un petardo en una casilla de Tlalnepantla, Edomex .Según los detenidos fueron contratados por Morena. ",Si,Récord,https://www.record.com.mx/contra/joven-asegura-que-morena-le-pago-300-pesos-por-detonar-petardos-en-casillas-electorales
02/06/2024,Coyomepan,1.827.984,-9.698.786,N/A,N/A,Militante,PVEM,N/A,PT,Asesinato,"Un presunto militante del PT disparó y asesinó a otro del PVEM al interior de una casilla de votación instalada en una telesecundaria de Coyomeapan, Puebla. ",N/A,Latinus,https://latinus.us/2024/06/02/asesinan-a-militante-del-partido-verde-en-casilla-del-municipio-poblano-de-comeayapan/
02/06/2024,San Juan Tautla,1.909.498,-983.577,Tonantzin Fernández,Presidenta municipal ,Colaboralres,Morena,N/A,N/A,Agresión armada,"Sujetos agredieron a balazos en San Juan Tautla al equipo de Tonantzin Fernández Díaz, candidata de Morena al alcaldía de San Andrés Cholula. ",N/A,El Ciudadano,https://www.elciudadano.com/mexico/puebla/balean-a-equipo-de-tonantzin-fernandez-candidata-morenista/06/02/
02/06/2024,Amozoc,1.904.382,-9.804.378,Alejandro Armenta,Gobernador,N/A,Morena,N/A,N/A,Delito Electoral,"En Amozoc, Puebla, la Guardia Nacional detuvo a seis personas por presunta compra de votos a favor de Morena y de su candidato a la gubernatura, Alejandro Armenta.",Sí,El Sol de Puebla,https://www.elsoldepuebla.com.mx/elecciones-2024/guardia-nacional-detiene-a-seis-en-amozoc-por-la-presunta-compra-de-votos-12020170.html
02/06/2024,Tijuana,3.247.478,-11.703.564,N/A,N/A,N/A,N/A,N/A,N/A,Agresión armada,"Sujetos dispararon contra las personas formadas para emitir su voto en una casilla ubicada en San Antonio de los Buenos, Tijuana. Dos personas fueron lesionadas",Sí,Eje Central ,https://www.ejecentral.com.mx/category/nuestro-eje/balean-a-dos-ciudadanos-en-casilla-para-votar-en-tijuana
02/06/2024,Tijuana,3.251.325,-11.702.742,Alejandro Ramírez,N/A,Operador ,PAN,N/A,N/A,Agresión física,"Alejandro Ramírez, operador de Diego Echavarría, candidato a diputado local por el PAN, fue golpeado en la colonia Virreyes, en Tijuana. ",N/A,Zeta Tijuana,https://zetatijuana.com/2024/06/operador-de-diego-echevarria-fue-golpeado-durante-la-jornada-electoral/
02/06/2024,Mexicali,3.264.511,-11.535.001,N/A,N/A,N/A,N/A,N/A,N/A,Vandalismo y delito electoral ,Sujetos arrojaron petardos a la casilla electoral ubicada en la colonia Insurgentes en Mexicali. La explosión dañó la urna de votación para el Senado y todos los votos que había en su interior. ,N/A,Zeta Tijuana,https://zetatijuana.com/2024/06/arrojan-petardos-a-casillas-en-insurgentes-en-mexicali/
02/06/2024,Tecate,3.255.253,-11.662.563,Alonso Limón Martínez,N/A,Operadpr ,Morena,N/A,N/A,Agresión física e intento de secuestro," Alonso Limón Martínez, operador de María Teresa Méndez Vélez, candidata de Morena a diputada local por el Distrito 4, fue víctima de un atentado e intento de secuestro en la colonia Zapata de Tecate. ",N/A,Zeta Tijuana,https://zetatijuana.com/2024/06/casillas-abarrotadas-y-presunto-intento-de-levanton-en-tecate/
02/06/2024,Tlilapan,188.053,-9.709.781,N/A,N/A,N/A,N/A,N/A,N/A,Delito Electoral," La Fiscalía General de Veracruz abrió una carpeta de investigación por los hechos ocurrido en Tlilapan, en que pobladores obstaculizaron el desarrollo normal del proceso electoral y se apoderaron de papelería. De acuerdo con medios de comunicación, los habitantes cerraron casillas de votación y bloquearon la carretera federal Orizaba-Zongolica en protesta por la falta de apoyo gubernamental para combatir incendios. ",Sí,Debate,https://www.debate.com.mx/politica/Cierran-casillas-electorales-en-Veracruz-como-protesta-por-falta-de-apoyo-para-combatir-incendios-20240602-0186.html
02/06/2024,Ciudad Juárez,3.159.061,-10.640.095,N/A,Eric Iván E.P.,N/A,N/A,N/A,Morena,Delito Electoral,"Eric Iván E.P. de 19 años de edad, fue arrestado señalado de presunta compra de votos en la colonia El Mezquital de Ciudad Juárez. Chihuahua. El Grupo Especial de Detectives le decomisó una laptop, 53 sobres amarillos con 500 pesos cada uno, una bandera de Morena, listas con datos personales de ciudadanos. ",Sí,Diario de Chihuahua,https://www.eldiariodechihuahua.mx/estado/2024/jun/02/arrestan-a-hombre-por-ofrecer-dinero-a-cambio-de-votos-en-el-mezquital-626531.html
02/06/2024,Soledad de Graciano Sánchez,221.807,-10.094.177,N/A,N/A,N/A,N/A,N/A,N/A,Delito Electoral," Cuatro personas fueron detenidas en flagrancia en Soledad de Graciano Sánchez, SLP realizando compra de votos. Personal de la Fiscalía General de SLP se trasladó al municipio para iniciar las indagatorias. ",Sí,El Pulso de San Luis,https://pulsoslp.com.mx/slp/investiga-fge-probable-delito-electoral-cometido-en-soledad/1802290
02/06/2024,Guadalupe,2.567.482,-1.002.155,N/A,N/A,N/A,N/A,N/A,N/A,Agresión armada,"Una mujer resultó herida debido a que se registraron detonaciones de arma de fuego en la casilla ubicada en una escuela de la colonia Eduardo Caballero, de Guadalupe, Nuevo León. ",N/A,Reporte Índigo,https://www.reporteindigo.com/reporte/reportan-detonaciones-de-bala-en-casilla-de-guadalupe-habria-una-mujer-herida/
02/06/2024,Zinacatán,1.675.947,-9.272.163,Reina de la Cruz Pérez,Presidente municipal,N/A,PVEM,N/A,N/A,Amenazas,"Habitantes de Zinacatán, Chiapas, amenazaron con quemar viva a Reina de la Cruz, candidata del PVEM a la alcaldía del municipio, por violar los usos y costumbre de la región y le impusieron una multa de 500 mil pesos por aparecer en la boleta electoral ya que la participación de las mujeres en la política está prohibido en sus normas.  El IEPC de Chiapas presentó la denuncia de la candidata a la Mesa Estatal de Seguridad. ",Sí,Reporte Índigo,https://www.reporteindigo.com/reporte/pobladores-amenazan-con-quemar-viva-a-candidata-en-chiapas-por-violar-usos-y-costumbres/
02/06/2024,Ciudad Hidalgo,1.969.154,-10.054.648,Fidel Mañon ,Regidor,N/A,Sigamos haciendo historia,N/A,N/A,Desaparición forzada,"FIdel Mañon, candidato a regidor por la coalición ""Sigamos haciendo historia"", fue reportado como desaparecido. ",N/A,MIlenio,https://www.milenio.com/politica/elecciones/fidel-manon-suarez-reportado-desaparecido-2-junio
02/06/2024,Tixtla,1.756.765,-9.939.959,N/A,N/A,Representantes de casilla,Morena,N/A,N/A,Agresión ,"Dos representantes de casilla de Morena en Tixtla, Guerrero fueron agredidas. ",Sí,Sur Acapulco,https://suracapulco.mx/agreden-a-dos-representantes-de-casilla-de-morena-en-tixtla-denuncian-en-el-iepc/
02/06/2024,Tlapa ,1.754.836,-985.666,N/A,N/A,Representantes de casilla,Movimiento Laborista y México Avanza,N/A,N/A,Ameanzas y delito electoral ,"Representantes del Movimiento Laborista y México Avanza, reportaron al IEPC de Guerrero que en Tlapa y Cochoapa, un grupo de ciudadanos se organizó para aemanzar con quemar urnas.",Si,Sur Acapulco,https://suracapulco.mx/agreden-a-dos-representantes-de-casilla-de-morena-en-tixtla-denuncian-en-el-iepc/
02/06/2024,Santa Lucía del Camino,1.706.186,-9.669.718,Juan Carlos García Márquez,Presidente Municipal,N/A,Morena,N/A,N/A,Amenazas y riña,"Juan Carlos García Márquez, candidato de Morena a la alcaldía de Santa Lucía del Camino, denunció que un grupo de choque se presentó en las inmediaciones de su casa de campaña para amedrentar a sus colaboradores. Al intervenir las autoridades se registraron detonaciones de arma de fuego. ",Sí,Latinus,https://latinus.us/2024/06/02/agreden-policias-cerca-casa-campana-de-candidato-morenista-alcaldia-oaxaca/
02/06/2024,Coatzacoalcos,1.813.447,-9.445.898,N/A,N/A,N/A,N/A,N/A,Morena,Delito Electoral,El reportero Rodrigo Barranco documentó el momento en que un grupo de colaboradores de Morena fueron arrestadas en Coatzacoalcos por presunta compra de votos. Tenían en su posesión copias de boletas tachadas para Morena. ,Sí,X/@rodrigo_dector,https://x.com/rodrigo_dector/status/1797392064931377445
02/06/2024,Nogales,3.130.084,-11.094.819,N/A,N/A,N/A,N/A,N/A,N/A,"Amenzas, vandalismo y robo","Sujetos descendieron de una camioneta pick up y rompieron los cristales de un taxi, propiedad de una persona que se encontraba en la casilla de la colonia San Miguel en Nogales. Los sujetos también robaron su número de permiso. La agresión causó temor entre los votantes. ",N/A,El Diario de Sonora,https://eldiariodesonora.com.mx/elecciones-locales-2024/2024/06/02/ataque-taxista-cerca-casillas-electorales-desata-miedo-votantes-nogales.html
02/06/2024,Frontera,2.693.771,-10.144.469,Jazmín Davis Estrada,N/A,Funcionaria de Bienestar,N/A,N/A,N/A,Agresión física ,"Jazmín Davis Estrada, directora de Bienestar del ayuntamiento de Frontera, Coahuila, fue golpeada por sujetos en la casilla instalada en la secundaria técnica 64. ",N/A,Periódico La Voz,https://periodicolavoz.com.mx/coahuila/centro/agreden-a-funcionaria/304617
02/06/2024,Cintalapa,1.668.595,-9.372.855,N/A,N/A,Periodistas,N/A,N/A,N/A,Agresión," Funcionarios de la casilla ubicada en la primaria Francisco Lizardi, echaron a periodistas que realizaban una cobertura. ",N/A,Noticas,https://nvinoticiaschiapas.com/chiapas/cintalapa/03/06/2024/106555/
02/06/2024,Parral,2.693.178,-10.566.661,N/A,N/A,Simpatizantes de Morena,N/A,N/A,Simpatizantes de MC,Vandalismo e intimidación,Un grupo de presuntos simpatizantes de MC irrumpió en una vivienda de simpatizantes de Morena y destrozos ,N/A,El Sol de Parral,https://www.elsoldeparral.com.mx/elecciones-2024/agreden-supuestos-simpatizantes-de-mc-a-familia-en-el-quijote-12021663.html
02/06/2024,Sierra de Santa Rosa,2.106.453,-10.117.378,Brian López de Buta,N/A,Coordinador,Morena,N/A,N/A,Agresión física e intimidación,"Representante de Morena denunció al Instituto Electoral del Estado de Guanajuato (IEEG) que Brian López de Buta, coordinador de Morena en Sierra de Santa Rosa, Distrito 4, fue atacado por encapuchados, quienes lo arrojaron a un barranco. ",Sí,El Otro Enfoque,https://elotroenfoque.mx/incidentes-graves-jornada-electoral-guanajuato/
02/06/2024,Cuautitlán,1.966.683,-9.923.699,N/A,N/A,N/A,N/A,N/A,N/A,Vandalismo y delito electoral ,Un sujeto irrumpió en la casilla ubicada en la escuela Wenseslao Labra y roció gasolina e incendió las boletas. Los votantes lograron detenerlo y fue golpeado.,Sí,El Universal,https://www.eluniversal.com.mx/elecciones/violencia-electoral-sujeto-rocia-gasolina-e-incendia-casilla-en-edomex-votantes-lo-interceptan-y-detienen-a-golpes/
02/06/2024,San Juan del Río,2.039.606,-9.998.875,N/A,N/A,N/A,N/A,N/A,N/A,Vandalismo y delito electoral ," Sujetos destruyeron una casilla de votación en San Juan del Río, Querétaro. ",N/A,Infobae,https://www.infobae.com/mexico/2024/06/02/encapuchados-destruyen-casilla-en-san-juan-del-rio-queretaro/
02/06/2024,Santo Domingo Armenta,1.633.151,-9.837.813,Yonis Atenógenes Baños Bustos ,Presidente municipal,N/A,PRI,N/A,N/A,Asesinato,"Yonis Atenógenes Baños Bustos, candidato del PRI a la presidencia municipal de Santo Domingo Armenta fue asesinado en su casa de campaña al terminar la jornada electoral. ",N/A,El Universal,https://www.eluniversal.com.mx/elecciones/asesinan-a-yonis-banos-candidato-del-pri-a-la-presidenta-municipal-de-santo-domingo-armenta-en-oaxaca/
02/06/2024,Rincón Chamula San Pedro,1.721.001,-9.292.758,N/A,N/A,N/A,N/A,N/A,N/A,Asesinato y agresión armada,"Dos indígenas tzotziles fueron asesinados y otros cinco resultaron heridos en un ataque armado en una casilla instalada en La Tenería, del Rincón Chamula San Pedro. ",Sí,El Universal ,https://www.eluniversal.com.mx/elecciones/ataque-armado-en-casilla-de-rincon-chamula-chiapas-deja-dos-tzotziles-muertos-y-cinco-heridos/
02/06/2024,Jiquipilco,1.955.734,-9.960.675,N/A,N/A,Colaboradores,MC,N/A,PRI,Asesinato," Dos colaboradores de Iván Rivas, candidato de MC, a la alcaldía de Jiquipilco, Edomex, fallecieron en un altercado armado con militantes del PRI",N/A,Infobae,https://www.infobae.com/mexico/2024/06/03/balean-a-simpatizantes-de-mc-en-jiquipilco-edomex-se-reportan-dos-muertos/
02/06/2024,Ejido Tumbulushal,1.782.397,-929.282,N/A,N/A,N/A,N/A,N/A,N/A,Agresión armada,"Se registraron detonaciones de arma de fuego en la casilla instalada en el ejido Tumbulushal, ubicado en la carretera Villahermosa-Teapa y la casilla tuvo que ser reinstalada en otro sitio. ",N/A,Milenio,https://www.milenio.com/politica/elecciones/en-tabasco-se-registran-cuatro-asesinatos-en-cardenas-y-paraiso
02/06/2024,Tarimoro ,2.028.725,-1.007.577,Fidencio Canchola,Regidor suplente,N/A,Morena,N/A,N/A,Agresión armada,"Fidencio Canchola, candidato de Morena a regidor suplente fue agredido a balazos y resultó herido, denunció el representante de la fuerza política al IEEG",Sí,Proceso,https://www.proceso.com.mx/nacional/2024/6/2/balean-candidato-regidor-de-morena-en-tarimoro-guanajuato-330228.html
02/06/2024,San Cristóbal de las Casas,1.672.615,-9.264.529,Fernando Morfín Utrilla,Presidente Municipal,N/A,Redes Sociales Progresistas (RSP),N/A,N/A,Agresión armada,"Sujetos balearon la casa de Fernando Morfín Utrilla, candidato de Redes Sociales Progresistas (RSP) a la alcaldía de San Cristóbal de las Casas, Chiapas",N/A,Facebook/Fernando Morfín Utrilla,https://www.facebook.com/FerMorfinU/posts/pfbid02FFm3Q1XA2EdB64mSvRFwXCEPgGyjpYeEaY3z8qvLJadxeftqNHgTS1MxArGkMiAil?locale=es_LA
02/06/2024,Bolaños,2.061.589,-10.037.435,N/A,N/A,N/A,N/A,N/A,N/A,Amenazas,"Autoridades electorales reportaron que en la casilla ubicada en una escuela de Bolaños, Querétaro, dejaron una cabeza de cerdo para intimidar a los votantes. ",Sí,A!erta Qro. ,https://www.alertaqronoticias.com/2024/06/02/aparecen-cabezas-de-cerdos-en-casilla-de-bolanos-en-el-inicio-de-la-jornada-electoral/
02/06/2024,Zumpango,1.980.392,-9.909.305,N/A,N/A,N/A,N/A,N/A,N/A,Vandalismo,"Se registró la quema de urnas en una casilla del barrio San Miguel de Zumpango, Edomex.",N/A,El Universal ,https://www.eluniversal.com.mx/edomex/reportan-quema-de-urnas-en-zumpango-vecinos-senalan-grupos-de-choque/
02/06/2024,Huatabampo,2.682.714,-10.964.186,N/A,N/A,Simpatizante,Fuerza y corazón por México,N/A,N/A,Intento de secuestro,"Sujetos intentaron realizar un secuestro de un simpatizante de la coalición ""Fuerza y corazón por México"" en un casilla instalada en Huatabampo, Sonora,",N/A,El Informador ,https://www.informador.mx/mexico/Elecciones-Mexico-2024--Secuestro-en-Sonora-afuera-de-una-casilla-20240602-0146.html
02/06/2024,Ocampo,195.832,-1.003.396,N/A,N/A,N/A,N/A,N/A,N/A,Vandalismo y delito electoral ,En la colonia San Luis se reportó quema de 15 urnas y detonaciones de arma de fuego ,N/A,Infobae,https://www.infobae.com/mexico/2024/06/03/fiscalia-de-michoacan-investiga-balaceras-y-quema-de-urnas-en-el-municipio-de-ocampo/
02/06/2024,San Fernando ,1.686.943,-9.320.708,"Daniel ""N""",N/A,N/A,N/A,N/A,N/A,Secuestro ,"Un comando ingresó al mercado municipal de San Fernando, Chiapas, donde se encontraba instalada una casilla y secuestraron y golpearon a Daniel ""N"", y más tarde liberado. ",N/A,Infoabe,https://www.infobae.com/mexico/2024/06/02/disparan-a-un-hombre-y-hieren-a-otro-durante-jornada-electoral-san-fernando-y-pichucalco-chiapas/
02/06/2024,Ensenada,3.186.674,-11.659.637,N/A,N/A,N/A,N/A,N/A,N/A,Delito electoral," Dos hombres armados irrumpieron en una casilla de votación instalada en la calle Bahía Magdalena, en Ensenada y robaron las boletas. Intentaron huir a bordo de un vehículo pero se desató una persecución y terminaron accidentándose. ",N/A,El Sol de México,https://www.elsoldemexico.com.mx/elecciones-2024/roban-urnas-en-ensenada-baja-california-hay-dos-detenidos-12019873.html